Attendance,Assignment_Avg,Study_Hours,Mid_Marks,Final_Result,email
49,80,3,76,1,student1@example.com
74,50,4,50,0,student2@example.com
72,98,1,51,1,student3@example.com
79,92,6,53,1,student4@example.com
82,98,1,84,1,student5@example.com
52,77,1,88,0,student6@example.com
88,52,5,53,1,student7@example.com
75,77,1,32,0,student8@example.com
60,65,6,89,1,student9@example.com
40,79,4,33,0,student10@example.com
44,77,2,55,0,student11@example.com
40,82,1,35,1,student12@example.com
49,100,1,98,1,student13@example.com
91,58,6,69,1,student14@example.com
84,90,5,93,1,student15@example.com
91,78,5,75,1,student16@example.com
51,58,1,32,0,student17@example.com
49,44,3,71,1,student18@example.com
76,100,5,92,1,student19@example.com
97,73,4,77,1,student20@example.com
92,92,2,48,1,student21@example.com
90,76,4,35,1,student22@example.com
93,73,4,37,0,student23@example.com
72,41,1,100,0,student24@example.com
73,82,3,43,1,student25@example.com
83,57,4,93,0,student26@example.com
72,71,4,47,0,student27@example.com
99,71,3,98,0,student28@example.com
92,82,2,60,1,student29@example.com
57,74,1,35,0,student30@example.com
41,60,2,73,0,student31@example.com
49,74,5,70,1,student32@example.com
86,90,4,73,1,student33@example.com
59,67,3,81,1,student34@example.com
54,98,5,72,1,student35@example.com
41,62,3,93,0,student36@example.com
76,73,4,62,1,student37@example.com
72,75,4,80,0,student38@example.com
87,74,1,50,0,student39@example.com
70,80,2,35,0,student40@example.com
66,87,5,68,1,student41@example.com
62,72,2,51,0,student42@example.com
75,69,2,97,0,student43@example.com
83,54,4,94,1,student44@example.com
48,99,6,32,1,student45@example.com
46,57,3,32,0,student46@example.com
66,45,4,38,0,student47@example.com
66,54,5,99,1,student48@example.com
66,45,5,76,0,student49@example.com
61,59,4,71,0,student50@example.com
64,85,4,33,1,student51@example.com
99,52,4,54,1,student52@example.com
94,72,6,47,1,student53@example.com
96,83,5,38,1,student54@example.com
43,99,6,87,0,student55@example.com
55,76,6,80,1,student56@example.com
42,84,2,32,1,student57@example.com
80,41,1,58,0,student58@example.com
81,67,3,37,0,student59@example.com
85,91,2,30,0,student60@example.com
61,88,4,75,1,student61@example.com
53,77,3,33,0,student62@example.com
97,49,3,93,0,student63@example.com
94,84,4,93,0,student64@example.com
57,99,5,56,1,student65@example.com
57,47,1,54,0,student66@example.com
62,41,5,46,0,student67@example.com
100,51,1,33,0,student68@example.com
51,67,1,33,0,student69@example.com
83,79,1,94,1,student70@example.com
81,81,6,36,1,student71@example.com
44,98,1,50,1,student72@example.com
55,74,1,51,0,student73@example.com
40,82,1,41,1,student74@example.com
71,54,3,88,1,student75@example.com
93,98,5,84,1,student76@example.com
86,43,5,56,1,student77@example.com
50,67,4,63,0,student78@example.com
46,67,1,90,0,student79@example.com
73,50,2,99,1,student80@example.com
45,48,6,55,0,student81@example.com
66,54,3,37,1,student82@example.com
97,52,1,75,0,student83@example.com
46,45,1,99,0,student84@example.com
99,42,6,37,0,student85@example.com
62,74,5,46,1,student86@example.com
74,67,4,60,1,student87@example.com
75,83,1,47,1,student88@example.com
55,49,2,87,1,student89@example.com
48,95,6,55,1,student90@example.com
41,88,6,79,1,student91@example.com
94,74,6,39,0,student92@example.com
82,51,6,65,0,student93@example.com
46,97,6,94,1,student94@example.com
98,70,4,85,1,student95@example.com
63,81,3,83,1,student96@example.com
97,61,4,60,0,student97@example.com
41,86,6,99,1,student98@example.com
69,61,5,79,1,student99@example.com
60,51,1,62,0,student100@example.com
58,48,5,34,0,student101@example.com
93,88,2,64,1,student102@example.com
63,40,1,72,0,student103@example.com
56,46,6,32,1,student104@example.com
47,80,4,31,0,student105@example.com
70,42,2,96,1,student106@example.com
81,80,3,93,1,student107@example.com
91,74,1,81,1,student108@example.com
62,68,2,37,0,student109@example.com
82,51,4,82,0,student110@example.com
70,85,1,73,0,student111@example.com
69,53,6,45,0,student112@example.com
86,59,1,66,1,student113@example.com
47,87,3,88,1,student114@example.com
55,83,1,85,1,student115@example.com
53,61,3,72,1,student116@example.com
84,72,2,56,0,student117@example.com
79,61,4,55,1,student118@example.com
65,51,3,99,0,student119@example.com
66,58,5,76,1,student120@example.com
53,77,2,43,0,student121@example.com
64,40,6,51,1,student122@example.com
50,77,6,42,0,student123@example.com
95,87,4,99,1,student124@example.com
94,43,4,40,0,student125@example.com
52,63,6,65,0,student126@example.com
97,96,3,80,1,student127@example.com
96,77,1,32,0,student128@example.com
52,62,2,35,0,student129@example.com
92,58,1,48,0,student130@example.com
49,54,5,95,0,student131@example.com
94,46,3,51,0,student132@example.com
46,55,3,73,0,student133@example.com
84,73,2,87,1,student134@example.com
94,67,3,61,1,student135@example.com
42,44,5,40,0,student136@example.com
85,82,2,59,1,student137@example.com
43,84,6,82,1,student138@example.com
77,79,1,81,1,student139@example.com
95,65,3,48,1,student140@example.com
46,58,3,69,1,student141@example.com
70,51,3,91,0,student142@example.com
54,56,1,71,0,student143@example.com
59,73,4,34,0,student144@example.com
49,79,5,80,1,student145@example.com
59,100,2,79,1,student146@example.com
47,95,4,36,1,student147@example.com
86,80,6,39,0,student148@example.com
64,62,5,58,1,student149@example.com
67,94,5,32,1,student150@example.com
63,91,2,48,1,student151@example.com
81,48,6,62,1,student152@example.com
69,89,2,65,0,student153@example.com
43,90,2,98,1,student154@example.com
64,52,1,31,0,student155@example.com
46,57,3,86,1,student156@example.com
88,46,2,94,1,student157@example.com
99,52,6,61,1,student158@example.com
85,50,6,72,1,student159@example.com
53,40,6,47,0,student160@example.com
74,96,5,97,1,student161@example.com
84,68,6,99,1,student162@example.com
58,85,5,33,0,student163@example.com
94,50,6,89,1,student164@example.com
64,55,1,72,0,student165@example.com
83,48,2,82,1,student166@example.com
41,90,1,67,0,student167@example.com
59,57,2,43,0,student168@example.com
53,57,6,82,0,student169@example.com
46,91,1,84,1,student170@example.com
83,55,1,66,0,student171@example.com
78,65,6,63,1,student172@example.com
43,57,4,88,1,student173@example.com
44,94,1,65,0,student174@example.com
71,66,2,45,1,student175@example.com
61,50,1,72,0,student176@example.com
82,69,3,38,1,student177@example.com
86,61,6,64,1,student178@example.com
47,78,6,40,1,student179@example.com
80,96,1,33,1,student180@example.com
69,90,4,80,0,student181@example.com
60,84,3,84,1,student182@example.com
83,68,2,47,1,student183@example.com
86,51,2,52,0,student184@example.com
84,40,5,58,1,student185@example.com
82,45,2,63,1,student186@example.com
62,94,2,88,0,student187@example.com
92,88,1,84,1,student188@example.com
68,63,6,59,1,student189@example.com
88,85,4,77,1,student190@example.com
60,66,1,99,1,student191@example.com
54,76,4,84,0,student192@example.com
41,77,2,59,1,student193@example.com
50,49,1,46,0,student194@example.com
72,60,3,39,0,student195@example.com
98,77,5,86,0,student196@example.com
97,92,4,76,1,student197@example.com
50,51,2,78,0,student198@example.com
42,75,1,38,0,student199@example.com
65,78,3,61,0,student200@example.com
55,68,3,98,0,student201@example.com
88,47,3,91,0,student202@example.com
79,78,3,73,0,student203@example.com
82,89,3,32,1,student204@example.com
51,52,6,90,1,student205@example.com
54,44,4,87,1,student206@example.com
86,75,3,48,1,student207@example.com
42,82,4,81,0,student208@example.com
67,89,6,96,1,student209@example.com
74,56,6,56,0,student210@example.com
69,89,2,73,1,student211@example.com
98,46,3,96,1,student212@example.com
95,88,3,52,1,student213@example.com
53,88,6,48,1,student214@example.com
91,50,6,58,0,student215@example.com
89,78,3,67,1,student216@example.com
90,50,3,97,1,student217@example.com
85,85,6,54,1,student218@example.com
80,49,2,32,0,student219@example.com
70,93,6,78,1,student220@example.com
51,77,2,76,1,student221@example.com
52,50,3,43,0,student222@example.com
57,42,2,76,0,student223@example.com
53,73,1,50,0,student224@example.com
70,40,2,33,0,student225@example.com
77,68,4,39,1,student226@example.com
47,85,5,97,1,student227@example.com
76,43,4,61,0,student228@example.com
81,77,1,62,0,student229@example.com
92,82,4,98,1,student230@example.com
97,55,4,56,1,student231@example.com
43,52,5,62,1,student232@example.com
65,56,4,89,0,student233@example.com
84,65,2,76,0,student234@example.com
74,79,1,36,0,student235@example.com
71,46,4,83,1,student236@example.com
85,79,3,97,1,student237@example.com
96,49,2,56,0,student238@example.com
79,70,3,87,1,student239@example.com
45,50,5,58,1,student240@example.com
40,85,1,90,0,student241@example.com
53,76,2,36,0,student242@example.com
55,57,1,88,0,student243@example.com
54,91,1,32,0,student244@example.com
66,94,3,62,1,student245@example.com
77,69,1,75,1,student246@example.com
97,92,4,56,1,student247@example.com
68,96,2,75,0,student248@example.com
86,47,6,49,0,student249@example.com
41,41,3,52,0,student250@example.com
72,69,1,48,0,student251@example.com
83,89,5,40,1,student252@example.com
94,56,3,82,1,student253@example.com
63,84,3,62,0,student254@example.com
68,100,6,56,1,student255@example.com
83,77,5,30,0,student256@example.com
98,53,2,79,1,student257@example.com
47,57,2,39,0,student258@example.com
61,50,2,92,1,student259@example.com
69,60,4,83,0,student260@example.com
100,72,3,32,1,student261@example.com
69,62,3,82,1,student262@example.com
98,97,3,64,1,student263@example.com
72,45,6,54,0,student264@example.com
61,90,5,61,1,student265@example.com
44,90,6,52,1,student266@example.com
64,54,2,46,0,student267@example.com
61,69,3,62,1,student268@example.com
51,89,6,32,0,student269@example.com
82,99,3,98,1,student270@example.com
82,55,4,36,0,student271@example.com
40,43,5,46,0,student272@example.com
65,73,5,54,0,student273@example.com
55,82,1,46,0,student274@example.com
41,92,3,34,0,student275@example.com
50,87,4,74,0,student276@example.com
44,78,2,68,1,student277@example.com
48,54,1,59,1,student278@example.com
63,56,3,77,0,student279@example.com
96,77,1,55,1,student280@example.com
81,72,5,68,1,student281@example.com
47,53,4,43,1,student282@example.com
46,57,3,62,0,student283@example.com
82,100,1,34,1,student284@example.com
68,74,5,56,0,student285@example.com
82,40,1,54,0,student286@example.com
69,45,3,45,0,student287@example.com
56,100,3,44,1,student288@example.com
92,42,1,100,0,student289@example.com
99,59,3,65,0,student290@example.com
88,69,1,68,0,student291@example.com
99,66,5,85,1,student292@example.com
100,60,2,99,1,student293@example.com
86,80,5,100,1,student294@example.com
56,41,4,35,0,student295@example.com
48,53,2,44,0,student296@example.com
75,40,4,76,1,student297@example.com
99,93,3,81,1,student298@example.com
87,60,1,46,0,student299@example.com
86,62,6,68,0,student300@example.com
63,85,4,43,0,student301@example.com
85,89,4,34,0,student302@example.com
77,93,1,98,1,student303@example.com
48,97,1,70,1,student304@example.com
61,41,5,70,1,student305@example.com
47,85,2,79,0,student306@example.com
94,84,1,61,0,student307@example.com
66,49,1,53,0,student308@example.com
50,93,2,60,0,student309@example.com
68,44,6,97,1,student310@example.com
95,60,5,46,0,student311@example.com
62,58,3,31,0,student312@example.com
89,51,6,76,1,student313@example.com
70,83,1,97,1,student314@example.com
78,71,1,33,0,student315@example.com
71,50,6,46,1,student316@example.com
40,76,2,60,1,student317@example.com
69,65,2,53,1,student318@example.com
77,40,3,43,1,student319@example.com
49,42,4,45,0,student320@example.com
40,48,2,71,0,student321@example.com
83,64,1,58,1,student322@example.com
93,59,4,45,1,student323@example.com
91,59,2,66,1,student324@example.com
77,91,1,62,1,student325@example.com
67,91,4,36,1,student326@example.com
62,55,6,35,1,student327@example.com
90,94,4,62,1,student328@example.com
88,84,6,55,1,student329@example.com
45,49,4,56,0,student330@example.com
68,73,6,82,1,student331@example.com
42,76,3,81,1,student332@example.com
54,76,1,67,0,student333@example.com
93,57,3,35,1,student334@example.com
46,54,6,93,1,student335@example.com
92,77,4,73,1,student336@example.com
54,76,3,47,0,student337@example.com
81,76,1,74,1,student338@example.com
48,97,5,90,1,student339@example.com
55,53,1,46,0,student340@example.com
93,67,1,50,0,student341@example.com
98,52,4,97,1,student342@example.com
53,65,6,56,0,student343@example.com
70,83,6,76,1,student344@example.com
64,74,4,61,1,student345@example.com
60,55,6,97,1,student346@example.com
78,77,5,30,1,student347@example.com
40,88,6,60,0,student348@example.com
51,59,5,46,0,student349@example.com
59,98,2,95,0,student350@example.com
66,65,5,31,0,student351@example.com
78,82,5,37,1,student352@example.com
62,90,1,61,0,student353@example.com
42,64,5,57,1,student354@example.com
65,43,6,86,0,student355@example.com
88,52,3,46,1,student356@example.com
74,81,4,92,0,student357@example.com
68,61,5,89,1,student358@example.com
90,89,1,41,0,student359@example.com
85,69,6,43,1,student360@example.com
56,94,4,96,1,student361@example.com
64,61,2,92,0,student362@example.com
53,61,4,57,0,student363@example.com
48,47,3,69,0,student364@example.com
97,59,6,53,0,student365@example.com
51,54,6,57,0,student366@example.com
87,74,1,97,1,student367@example.com
44,64,6,50,0,student368@example.com
76,72,2,74,1,student369@example.com
95,81,4,65,1,student370@example.com
40,47,3,33,0,student371@example.com
61,86,3,89,1,student372@example.com
97,48,1,52,1,student373@example.com
91,72,3,97,1,student374@example.com
69,89,5,86,1,student375@example.com
63,62,4,83,0,student376@example.com
68,58,3,84,1,student377@example.com
67,94,1,93,0,student378@example.com
53,83,1,47,1,student379@example.com
72,68,5,74,0,student380@example.com
59,99,5,54,1,student381@example.com
42,83,2,41,0,student382@example.com
50,90,2,76,1,student383@example.com
58,56,2,80,0,student384@example.com
81,71,3,88,1,student385@example.com
65,46,6,88,1,student386@example.com
75,87,4,86,1,student387@example.com
48,93,4,93,1,student388@example.com
83,68,3,50,0,student389@example.com
59,51,6,63,1,student390@example.com
44,73,6,68,1,student391@example.com
92,61,6,67,1,student392@example.com
67,57,1,40,0,student393@example.com
51,59,6,49,1,student394@example.com
94,69,5,74,1,student395@example.com
51,97,1,98,1,student396@example.com
85,68,6,75,1,student397@example.com
62,79,1,92,0,student398@example.com
70,55,4,69,1,student399@example.com
97,49,2,100,1,student400@example.com
80,42,2,57,0,student401@example.com
93,44,2,77,1,student402@example.com
58,71,2,64,1,student403@example.com
98,76,5,97,1,student404@example.com
43,56,3,78,0,student405@example.com
81,75,6,49,0,student406@example.com
100,80,4,45,1,student407@example.com
65,66,2,35,0,student408@example.com
73,81,1,91,1,student409@example.com
41,56,1,68,0,student410@example.com
73,97,1,52,1,student411@example.com
58,81,3,67,0,student412@example.com
73,87,5,39,0,student413@example.com
100,44,3,44,1,student414@example.com
61,51,3,69,1,student415@example.com
48,69,4,60,0,student416@example.com
43,42,2,30,1,student417@example.com
95,73,5,37,1,student418@example.com
84,51,4,69,1,student419@example.com
87,91,3,86,0,student420@example.com
85,61,1,48,0,student421@example.com
67,96,2,67,0,student422@example.com
62,67,1,75,0,student423@example.com
71,43,1,77,1,student424@example.com
79,45,5,64,0,student425@example.com
65,87,2,41,0,student426@example.com
87,73,4,100,1,student427@example.com
55,85,4,82,1,student428@example.com
65,85,5,87,1,student429@example.com
66,55,2,88,0,student430@example.com
71,70,3,68,0,student431@example.com
99,59,1,57,1,student432@example.com
59,90,6,64,0,student433@example.com
55,48,1,84,0,student434@example.com
46,56,6,81,0,student435@example.com
72,70,2,82,1,student436@example.com
100,100,5,50,1,student437@example.com
81,54,6,37,1,student438@example.com
69,94,4,38,1,student439@example.com
82,53,4,48,0,student440@example.com
70,97,1,51,1,student441@example.com
83,86,6,33,1,student442@example.com
91,56,3,78,1,student443@example.com
41,92,5,73,1,student444@example.com
48,61,6,46,1,student445@example.com
52,47,2,33,0,student446@example.com
62,95,4,69,0,student447@example.com
64,56,5,71,0,student448@example.com
92,48,3,79,1,student449@example.com
76,82,1,94,1,student450@example.com
67,92,1,69,0,student451@example.com
63,73,6,44,0,student452@example.com
55,94,6,59,0,student453@example.com
43,45,6,81,1,student454@example.com
72,68,3,98,0,student455@example.com
82,92,6,83,1,student456@example.com
91,61,3,73,0,student457@example.com
92,86,4,62,1,student458@example.com
54,67,5,91,1,student459@example.com
75,74,1,79,1,student460@example.com
92,64,6,33,0,student461@example.com
71,80,1,81,1,student462@example.com
82,59,4,66,0,student463@example.com
98,62,1,71,1,student464@example.com
75,70,5,76,0,student465@example.com
75,96,2,86,1,student466@example.com
98,73,4,80,1,student467@example.com
54,55,6,54,0,student468@example.com
72,100,1,43,1,student469@example.com
68,100,3,75,1,student470@example.com
75,74,4,49,1,student471@example.com
57,88,3,32,0,student472@example.com
95,48,4,80,0,student473@example.com
79,80,3,85,1,student474@example.com
48,76,6,56,1,student475@example.com
99,61,6,50,0,student476@example.com
75,63,4,53,0,student477@example.com
83,94,6,46,1,student478@example.com
50,71,3,37,0,student479@example.com
56,88,2,56,0,student480@example.com
98,78,1,60,0,student481@example.com
56,43,3,71,1,student482@example.com
52,78,4,82,1,student483@example.com
45,94,1,96,1,student484@example.com
57,45,5,50,1,student485@example.com
67,66,1,72,1,student486@example.com
96,83,4,96,1,student487@example.com
84,92,1,49,0,student488@example.com
59,75,4,63,0,student489@example.com
51,97,4,87,0,student490@example.com
55,91,2,60,0,student491@example.com
61,70,2,79,1,student492@example.com
92,84,5,74,1,student493@example.com
91,69,6,37,1,student494@example.com
86,51,5,75,0,student495@example.com
40,83,3,51,0,student496@example.com
56,68,2,75,1,student497@example.com
100,46,1,88,1,student498@example.com
68,99,6,79,1,student499@example.com
41,75,5,68,0,student500@example.com
71,83,1,69,0,student501@example.com
70,63,6,36,0,student502@example.com
91,85,3,60,1,student503@example.com
73,81,3,59,0,student504@example.com
51,83,5,31,0,student505@example.com
92,79,3,93,1,student506@example.com
40,93,4,94,1,student507@example.com
64,41,3,88,0,student508@example.com
87,72,6,91,1,student509@example.com
54,72,6,44,0,student510@example.com
46,52,6,72,1,student511@example.com
60,42,5,60,1,student512@example.com
62,77,4,80,1,student513@example.com
56,96,2,39,1,student514@example.com
42,85,6,87,0,student515@example.com
99,49,5,62,1,student516@example.com
48,82,5,98,1,student517@example.com
87,67,2,95,1,student518@example.com
52,63,4,36,0,student519@example.com
92,62,5,43,1,student520@example.com
63,78,5,92,1,student521@example.com
66,89,1,77,1,student522@example.com
81,41,2,58,0,student523@example.com
99,85,6,35,1,student524@example.com
65,94,3,50,0,student525@example.com
85,72,5,66,1,student526@example.com
73,71,5,72,0,student527@example.com
72,85,4,85,1,student528@example.com
52,50,5,85,1,student529@example.com
69,45,1,77,1,student530@example.com
74,86,3,41,0,student531@example.com
62,61,4,91,1,student532@example.com
40,86,6,100,0,student533@example.com
50,90,4,57,1,student534@example.com
99,79,5,55,1,student535@example.com
46,61,6,68,0,student536@example.com
87,96,1,36,0,student537@example.com
50,46,3,31,0,student538@example.com
69,78,1,63,0,student539@example.com
50,65,2,50,0,student540@example.com
42,50,1,92,0,student541@example.com
57,75,2,43,0,student542@example.com
70,73,1,44,0,student543@example.com
91,93,6,77,1,student544@example.com
67,98,5,78,1,student545@example.com
65,41,1,70,0,student546@example.com
84,94,6,41,1,student547@example.com
71,100,3,98,1,student548@example.com
41,75,2,97,1,student549@example.com
59,49,4,72,1,student550@example.com
60,40,1,43,0,student551@example.com
82,84,2,99,1,student552@example.com
75,95,4,43,1,student553@example.com
95,47,3,94,1,student554@example.com
66,73,1,45,0,student555@example.com
70,78,2,84,1,student556@example.com
79,100,2,30,1,student557@example.com
67,98,3,38,0,student558@example.com
49,80,2,99,1,student559@example.com
80,72,2,78,0,student560@example.com
97,54,1,87,1,student561@example.com
42,74,6,91,0,student562@example.com
75,78,5,83,1,student563@example.com
90,50,4,97,1,student564@example.com
67,72,3,55,0,student565@example.com
82,88,4,46,1,student566@example.com
68,47,2,35,0,student567@example.com
72,93,1,51,0,student568@example.com
62,52,2,34,0,student569@example.com
81,92,1,54,0,student570@example.com
66,88,5,86,0,student571@example.com
100,43,5,40,1,student572@example.com
84,76,1,55,1,student573@example.com
47,65,5,92,1,student574@example.com
60,89,5,39,1,student575@example.com
76,83,4,43,1,student576@example.com
59,54,3,61,1,student577@example.com
62,56,3,53,0,student578@example.com
65,93,2,80,1,student579@example.com
91,91,3,94,0,student580@example.com
83,99,6,93,1,student581@example.com
93,82,6,92,1,student582@example.com
47,43,5,34,0,student583@example.com
67,91,3,87,0,student584@example.com
66,95,2,42,1,student585@example.com
65,98,1,50,0,student586@example.com
51,77,5,53,0,student587@example.com
95,95,5,83,1,student588@example.com
66,87,3,38,1,student589@example.com
85,52,2,62,1,student590@example.com
58,84,6,79,1,student591@example.com
52,97,6,72,1,student592@example.com
84,88,4,69,1,student593@example.com
48,86,1,34,0,student594@example.com
87,96,3,31,0,student595@example.com
81,75,3,53,0,student596@example.com
64,67,1,93,1,student597@example.com
82,49,3,30,0,student598@example.com
52,50,2,37,0,student599@example.com
71,78,6,85,1,student600@example.com
98,79,4,73,1,student601@example.com
56,94,4,78,1,student602@example.com
60,56,1,80,0,student603@example.com
97,69,2,54,1,student604@example.com
100,77,6,41,1,student605@example.com
48,83,4,97,0,student606@example.com
93,75,2,96,1,student607@example.com
77,56,4,79,0,student608@example.com
65,70,4,71,1,student609@example.com
43,69,6,37,0,student610@example.com
44,69,5,49,0,student611@example.com
49,46,1,48,1,student612@example.com
41,65,2,38,1,student613@example.com
98,51,2,79,1,student614@example.com
85,78,2,87,1,student615@example.com
53,93,4,94,0,student616@example.com
67,92,2,86,0,student617@example.com
43,70,6,79,0,student618@example.com
85,43,5,65,0,student619@example.com
44,99,2,72,1,student620@example.com
82,57,1,84,1,student621@example.com
80,42,4,44,0,student622@example.com
45,78,3,47,0,student623@example.com
74,44,1,82,0,student624@example.com
94,98,1,80,1,student625@example.com
95,46,2,100,0,student626@example.com
62,50,3,53,0,student627@example.com
65,45,4,84,0,student628@example.com
84,64,1,47,0,student629@example.com
97,91,4,40,1,student630@example.com
57,58,1,32,0,student631@example.com
40,75,5,45,0,student632@example.com
100,49,5,84,1,student633@example.com
76,43,3,87,1,student634@example.com
97,89,2,54,1,student635@example.com
93,52,1,77,1,student636@example.com
99,58,5,93,1,student637@example.com
57,47,1,38,0,student638@example.com
60,75,6,82,1,student639@example.com
62,86,5,70,1,student640@example.com
88,51,4,81,1,student641@example.com
56,54,6,56,0,student642@example.com
81,99,6,69,1,student643@example.com
69,62,1,98,0,student644@example.com
60,98,6,58,0,student645@example.com
54,63,1,70,0,student646@example.com
66,68,5,50,0,student647@example.com
81,66,2,45,0,student648@example.com
91,95,3,90,0,student649@example.com
80,65,5,45,0,student650@example.com
79,48,6,84,1,student651@example.com
94,96,3,96,1,student652@example.com
74,77,5,92,1,student653@example.com
62,77,4,90,1,student654@example.com
47,63,1,73,1,student655@example.com
100,46,5,56,1,student656@example.com
77,50,2,46,0,student657@example.com
68,56,1,54,0,student658@example.com
96,70,2,56,1,student659@example.com
88,77,6,61,1,student660@example.com
67,98,4,43,0,student661@example.com
76,86,6,42,0,student662@example.com
86,87,4,52,0,student663@example.com
56,50,2,54,0,student664@example.com
100,56,6,51,0,student665@example.com
71,95,3,31,0,student666@example.com
82,75,3,31,1,student667@example.com
62,68,6,89,0,student668@example.com
49,51,6,37,1,student669@example.com
90,66,3,88,1,student670@example.com
51,46,2,94,0,student671@example.com
88,54,2,94,1,student672@example.com
55,56,3,77,1,student673@example.com
99,50,3,55,1,student674@example.com
50,51,4,30,0,student675@example.com
69,49,2,87,0,student676@example.com
40,55,3,70,0,student677@example.com
57,55,1,98,0,student678@example.com
68,74,1,92,1,student679@example.com
92,74,5,58,1,student680@example.com
77,98,2,69,1,student681@example.com
81,88,6,39,0,student682@example.com
80,72,2,41,0,student683@example.com
89,59,2,83,1,student684@example.com
100,98,1,62,0,student685@example.com
41,74,2,71,0,student686@example.com
83,75,4,75,1,student687@example.com
48,53,6,35,1,student688@example.com
75,71,2,97,1,student689@example.com
98,64,5,83,1,student690@example.com
90,93,3,81,1,student691@example.com
59,42,2,55,0,student692@example.com
44,57,4,84,0,student693@example.com
83,72,6,70,1,student694@example.com
81,65,2,58,0,student695@example.com
70,71,3,47,0,student696@example.com
57,77,6,94,1,student697@example.com
95,71,5,40,0,student698@example.com
45,70,4,50,1,student699@example.com
99,59,5,80,1,student700@example.com
47,66,6,31,0,student701@example.com
61,44,5,82,1,student702@example.com
75,83,3,34,0,student703@example.com
73,50,6,39,0,student704@example.com
54,49,5,85,1,student705@example.com
70,80,2,57,1,student706@example.com
49,91,4,69,1,student707@example.com
91,57,3,82,1,student708@example.com
52,83,3,54,0,student709@example.com
74,91,6,31,1,student710@example.com
94,59,3,96,1,student711@example.com
73,55,3,32,0,student712@example.com
47,58,2,91,0,student713@example.com
58,46,1,79,1,student714@example.com
59,85,2,82,0,student715@example.com
89,59,4,61,1,student716@example.com
84,51,6,64,0,student717@example.com
43,96,3,76,0,student718@example.com
69,43,2,77,0,student719@example.com
74,86,5,53,1,student720@example.com
69,83,6,100,1,student721@example.com
59,83,3,58,0,student722@example.com
67,44,1,75,0,student723@example.com
85,53,4,73,1,student724@example.com
62,61,6,57,0,student725@example.com
66,42,4,78,1,student726@example.com
77,86,5,51,0,student727@example.com
48,46,6,47,0,student728@example.com
82,69,4,91,1,student729@example.com
73,99,3,47,0,student730@example.com
99,85,4,44,0,student731@example.com
100,50,1,75,0,student732@example.com
52,100,4,85,1,student733@example.com
83,58,4,78,1,student734@example.com
70,70,4,89,1,student735@example.com
95,68,6,96,1,student736@example.com
55,58,6,61,0,student737@example.com
55,85,2,44,0,student738@example.com
61,95,3,51,1,student739@example.com
54,88,5,69,0,student740@example.com
80,93,1,73,0,student741@example.com
74,59,5,71,1,student742@example.com
99,42,3,89,1,student743@example.com
75,94,5,85,1,student744@example.com
75,46,4,67,0,student745@example.com
68,43,2,70,0,student746@example.com
70,58,5,80,1,student747@example.com
72,47,4,56,0,student748@example.com
72,85,6,49,1,student749@example.com
50,65,6,47,1,student750@example.com
72,60,1,48,0,student751@example.com
94,62,5,89,1,student752@example.com
49,93,6,49,1,student753@example.com
70,49,2,49,0,student754@example.com
84,97,5,35,1,student755@example.com
95,71,1,73,1,student756@example.com
51,44,5,83,1,student757@example.com
67,94,4,57,1,student758@example.com
85,46,6,53,1,student759@example.com
94,68,2,41,1,student760@example.com
61,70,3,89,0,student761@example.com
95,76,3,65,1,student762@example.com
51,57,5,43,1,student763@example.com
76,92,5,67,1,student764@example.com
64,56,6,55,0,student765@example.com
60,68,6,46,1,student766@example.com
49,66,5,100,1,student767@example.com
68,65,4,67,0,student768@example.com
87,90,1,88,1,student769@example.com
77,61,5,76,1,student770@example.com
67,64,6,58,1,student771@example.com
59,78,1,61,0,student772@example.com
66,77,3,79,1,student773@example.com
51,65,2,78,1,student774@example.com
81,67,1,61,1,student775@example.com
93,70,5,68,1,student776@example.com
46,60,3,97,0,student777@example.com
91,61,5,63,0,student778@example.com
50,86,5,31,0,student779@example.com
88,42,5,42,0,student780@example.com
80,40,5,85,1,student781@example.com
42,88,5,70,0,student782@example.com
51,71,5,71,1,student783@example.com
40,83,6,81,1,student784@example.com
98,81,6,31,1,student785@example.com
90,88,4,78,1,student786@example.com
86,100,5,59,1,student787@example.com
77,65,4,85,1,student788@example.com
87,84,4,76,1,student789@example.com
78,46,3,99,1,student790@example.com
79,88,3,51,1,student791@example.com
92,71,4,60,1,student792@example.com
81,99,2,63,1,student793@example.com
84,73,4,58,1,student794@example.com
62,95,3,96,0,student795@example.com
59,56,4,75,1,student796@example.com
77,94,4,52,1,student797@example.com
99,87,4,92,0,student798@example.com
42,71,1,42,0,student799@example.com
71,77,2,85,1,student800@example.com
90,47,1,34,0,student801@example.com
53,83,1,70,0,student802@example.com
74,71,4,80,1,student803@example.com
93,45,5,78,1,student804@example.com
70,75,3,47,1,student805@example.com
87,93,6,38,1,student806@example.com
79,68,2,70,0,student807@example.com
44,47,4,70,1,student808@example.com
48,97,5,33,0,student809@example.com
86,75,3,83,1,student810@example.com
44,65,2,67,0,student811@example.com
74,87,1,37,1,student812@example.com
41,83,3,55,1,student813@example.com
66,81,1,53,1,student814@example.com
100,70,3,79,1,student815@example.com
97,71,6,80,1,student816@example.com
51,48,4,55,0,student817@example.com
85,71,4,51,1,student818@example.com
48,96,4,64,1,student819@example.com
49,63,2,57,1,student820@example.com
95,90,6,86,1,student821@example.com
89,57,6,75,0,student822@example.com
96,77,3,48,1,student823@example.com
53,96,4,66,1,student824@example.com
48,47,6,68,0,student825@example.com
43,54,3,80,1,student826@example.com
80,74,3,54,1,student827@example.com
76,40,2,44,0,student828@example.com
85,57,5,84,1,student829@example.com
71,91,1,82,0,student830@example.com
57,61,5,63,0,student831@example.com
84,79,4,99,1,student832@example.com
89,99,1,67,1,student833@example.com
94,67,6,75,1,student834@example.com
74,53,3,83,1,student835@example.com
60,42,2,54,0,student836@example.com
42,75,4,31,1,student837@example.com
52,43,3,83,1,student838@example.com
41,81,5,39,1,student839@example.com
59,82,1,51,0,student840@example.com
100,94,4,65,1,student841@example.com
86,90,3,95,1,student842@example.com
55,90,2,47,0,student843@example.com
46,41,4,87,0,student844@example.com
88,63,1,78,0,student845@example.com
65,68,4,79,1,student846@example.com
68,50,4,57,1,student847@example.com
56,85,3,79,1,student848@example.com
76,86,6,41,1,student849@example.com
65,97,1,46,0,student850@example.com
61,59,1,36,0,student851@example.com
71,79,4,41,1,student852@example.com
89,44,2,62,1,student853@example.com
62,85,4,65,0,student854@example.com
83,46,1,86,0,student855@example.com
84,93,2,79,1,student856@example.com
90,48,2,41,0,student857@example.com
85,98,6,93,1,student858@example.com
49,84,4,60,1,student859@example.com
68,45,2,36,0,student860@example.com
67,66,1,46,0,student861@example.com
67,70,5,40,0,student862@example.com
71,71,1,66,0,student863@example.com
81,42,5,75,1,student864@example.com
42,93,1,89,0,student865@example.com
57,68,1,52,0,student866@example.com
81,88,2,93,0,student867@example.com
88,45,1,65,0,student868@example.com
81,50,5,50,1,student869@example.com
62,41,3,91,0,student870@example.com
45,77,1,36,0,student871@example.com
87,75,6,38,0,student872@example.com
40,41,1,73,0,student873@example.com
55,43,1,68,0,student874@example.com
95,44,3,49,1,student875@example.com
82,84,2,99,1,student876@example.com
99,85,2,89,1,student877@example.com
96,70,6,55,1,student878@example.com
94,73,2,63,1,student879@example.com
44,61,6,68,0,student880@example.com
90,94,6,77,1,student881@example.com
70,76,6,72,1,student882@example.com
73,66,2,82,1,student883@example.com
82,73,3,56,1,student884@example.com
83,97,4,64,1,student885@example.com
80,86,2,44,0,student886@example.com
81,92,1,51,0,student887@example.com
53,42,3,77,0,student888@example.com
87,54,4,65,1,student889@example.com
69,93,6,63,1,student890@example.com
76,45,3,100,1,student891@example.com
44,44,2,95,1,student892@example.com
56,93,1,92,1,student893@example.com
43,63,5,85,0,student894@example.com
80,69,6,84,1,student895@example.com
63,90,2,43,0,student896@example.com
69,53,4,81,0,student897@example.com
75,83,2,61,0,student898@example.com
41,52,1,74,0,student899@example.com
41,68,6,54,0,student900@example.com
78,81,3,82,1,student901@example.com
64,76,3,94,0,student902@example.com
87,60,5,91,1,student903@example.com
74,89,6,45,1,student904@example.com
80,82,5,44,1,student905@example.com
83,74,4,72,1,student906@example.com
45,76,4,84,1,student907@example.com
82,42,4,32,1,student908@example.com
90,87,1,92,1,student909@example.com
66,84,3,77,1,student910@example.com
83,40,5,99,0,student911@example.com
41,60,1,94,1,student912@example.com
99,71,4,57,0,student913@example.com
69,99,6,33,0,student914@example.com
69,62,4,58,0,student915@example.com
83,78,1,79,1,student916@example.com
94,81,1,39,0,student917@example.com
68,100,3,80,1,student918@example.com
94,94,3,60,1,student919@example.com
86,62,3,43,1,student920@example.com
71,41,3,92,0,student921@example.com
81,55,1,54,1,student922@example.com
83,90,2,86,1,student923@example.com
71,45,4,31,0,student924@example.com
44,79,2,38,0,student925@example.com
42,75,3,43,1,student926@example.com
86,96,5,63,1,student927@example.com
61,94,3,79,1,student928@example.com
67,49,2,59,0,student929@example.com
87,77,1,36,1,student930@example.com
58,52,3,56,1,student931@example.com
83,82,6,89,0,student932@example.com
79,66,4,73,1,student933@example.com
59,70,2,31,0,student934@example.com
86,59,4,99,1,student935@example.com
85,43,5,44,0,student936@example.com
46,56,6,36,0,student937@example.com
75,72,2,45,0,student938@example.com
79,62,1,73,0,student939@example.com
74,100,3,48,1,student940@example.com
74,60,1,38,0,student941@example.com
72,65,5,49,0,student942@example.com
97,57,1,64,0,student943@example.com
73,97,2,31,0,student944@example.com
74,71,6,70,0,student945@example.com
82,45,4,72,1,student946@example.com
100,60,6,35,1,student947@example.com
90,63,3,51,0,student948@example.com
96,41,1,44,0,student949@example.com
67,70,6,65,1,student950@example.com
73,77,4,49,1,student951@example.com
86,53,2,51,0,student952@example.com
61,63,6,55,1,student953@example.com
62,67,2,83,0,student954@example.com
86,81,4,93,1,student955@example.com
74,50,1,66,0,student956@example.com
84,89,6,40,1,student957@example.com
53,55,2,35,0,student958@example.com
99,61,3,61,1,student959@example.com
78,75,5,69,0,student960@example.com
65,93,6,30,0,student961@example.com
65,57,2,46,0,student962@example.com
56,75,5,84,0,student963@example.com
63,46,5,59,0,student964@example.com
67,42,4,54,0,student965@example.com
50,41,5,67,1,student966@example.com
46,44,6,86,1,student967@example.com
83,70,1,50,0,student968@example.com
82,56,5,78,0,student969@example.com
45,100,2,42,0,student970@example.com
99,69,4,73,1,student971@example.com
50,94,4,75,1,student972@example.com
43,70,2,33,0,student973@example.com
100,71,5,100,1,student974@example.com
71,86,5,53,1,student975@example.com
49,95,1,51,1,student976@example.com
54,40,2,61,0,student977@example.com
85,95,6,83,1,student978@example.com
94,63,4,59,1,student979@example.com
79,66,3,59,1,student980@example.com
95,43,3,31,0,student981@example.com
62,82,1,82,1,student982@example.com
55,84,1,62,1,student983@example.com
71,48,5,100,1,student984@example.com
60,71,5,51,0,student985@example.com
60,50,4,95,0,student986@example.com
66,82,6,73,1,student987@example.com
74,69,6,61,1,student988@example.com
46,49,2,54,0,student989@example.com
78,81,5,61,1,student990@example.com
55,67,6,64,1,student991@example.com
84,96,1,34,0,student992@example.com
87,84,4,93,0,student993@example.com
52,55,2,38,0,student994@example.com
96,72,4,51,1,student995@example.com
96,57,1,48,0,student996@example.com
71,99,4,43,1,student997@example.com
72,40,2,94,0,student998@example.com
50,41,6,54,1,student999@example.com
80,98,1,85,1,student1000@example.com
48,77,6,58,1,student1001@example.com
47,87,5,68,0,student1002@example.com
61,92,5,82,1,student1003@example.com
69,82,6,66,1,student1004@example.com
78,93,6,74,1,student1005@example.com
93,91,4,33,1,student1006@example.com
50,94,2,83,1,student1007@example.com
97,75,4,53,1,student1008@example.com
45,75,6,50,1,student1009@example.com
64,83,3,96,1,student1010@example.com
41,89,2,30,1,student1011@example.com
40,63,2,57,0,student1012@example.com
100,44,1,30,0,student1013@example.com
93,52,6,47,1,student1014@example.com
52,76,6,38,0,student1015@example.com
77,57,4,88,0,student1016@example.com
94,70,3,38,0,student1017@example.com
63,96,2,89,1,student1018@example.com
77,90,5,30,1,student1019@example.com
73,41,1,35,0,student1020@example.com
43,41,5,88,1,student1021@example.com
43,52,6,91,0,student1022@example.com
84,74,5,88,1,student1023@example.com
80,73,6,35,1,student1024@example.com
77,74,1,64,1,student1025@example.com
94,58,3,67,1,student1026@example.com
47,80,5,83,1,student1027@example.com
69,56,6,51,1,student1028@example.com
57,60,3,80,0,student1029@example.com
51,55,4,79,1,student1030@example.com
59,76,2,91,0,student1031@example.com
75,88,2,42,0,student1032@example.com
60,92,5,95,1,student1033@example.com
83,41,4,85,0,student1034@example.com
76,40,1,76,1,student1035@example.com
54,60,6,94,1,student1036@example.com
52,66,4,37,0,student1037@example.com
42,75,2,59,1,student1038@example.com
66,53,1,52,0,student1039@example.com
44,99,5,98,0,student1040@example.com
91,100,3,65,1,student1041@example.com
57,88,1,43,0,student1042@example.com
49,52,3,89,1,student1043@example.com
86,64,1,68,1,student1044@example.com
89,77,1,41,0,student1045@example.com
87,84,3,72,1,student1046@example.com
86,47,6,46,1,student1047@example.com
63,57,4,46,0,student1048@example.com
94,85,4,86,1,student1049@example.com
43,98,6,50,1,student1050@example.com
57,92,6,99,1,student1051@example.com
46,71,5,60,1,student1052@example.com
44,54,4,57,1,student1053@example.com
41,87,5,53,0,student1054@example.com
85,94,2,68,1,student1055@example.com
79,56,3,80,0,student1056@example.com
55,84,4,46,1,student1057@example.com
55,69,3,32,0,student1058@example.com
58,44,1,61,0,student1059@example.com
87,68,6,42,1,student1060@example.com
100,45,6,82,1,student1061@example.com
41,69,4,46,0,student1062@example.com
73,83,5,56,0,student1063@example.com
97,46,3,52,0,student1064@example.com
76,98,4,86,1,student1065@example.com
51,96,6,80,1,student1066@example.com
95,45,4,44,0,student1067@example.com
71,90,4,44,1,student1068@example.com
62,43,3,45,0,student1069@example.com
55,61,2,68,0,student1070@example.com
78,79,6,42,0,student1071@example.com
73,95,1,44,0,student1072@example.com
44,58,2,33,1,student1073@example.com
77,83,5,80,1,student1074@example.com
63,67,6,44,1,student1075@example.com
82,69,5,70,1,student1076@example.com
98,41,3,56,1,student1077@example.com
74,67,4,30,0,student1078@example.com
74,58,4,36,0,student1079@example.com
64,84,1,43,0,student1080@example.com
82,85,4,68,1,student1081@example.com
51,66,2,63,1,student1082@example.com
65,90,2,58,0,student1083@example.com
41,58,4,46,1,student1084@example.com
71,50,3,99,1,student1085@example.com
79,55,6,80,1,student1086@example.com
60,89,5,60,0,student1087@example.com
87,53,4,92,1,student1088@example.com
51,43,5,53,0,student1089@example.com
73,45,6,73,0,student1090@example.com
52,93,4,53,0,student1091@example.com
66,67,6,98,1,student1092@example.com
67,89,6,89,1,student1093@example.com
60,76,2,84,0,student1094@example.com
97,54,4,40,0,student1095@example.com
88,93,3,31,0,student1096@example.com
98,98,4,84,1,student1097@example.com
81,55,6,68,1,student1098@example.com
69,96,2,89,1,student1099@example.com
63,58,4,61,0,student1100@example.com
94,72,2,76,1,student1101@example.com
52,88,5,35,0,student1102@example.com
95,76,4,59,1,student1103@example.com
64,70,3,30,0,student1104@example.com
59,42,2,93,0,student1105@example.com
44,89,3,92,1,student1106@example.com
47,89,5,70,1,student1107@example.com
42,90,2,67,1,student1108@example.com
89,41,6,91,1,student1109@example.com
49,44,6,99,1,student1110@example.com
53,95,2,64,0,student1111@example.com
96,57,3,40,1,student1112@example.com
51,41,2,48,0,student1113@example.com
48,81,6,40,1,student1114@example.com
60,62,4,30,0,student1115@example.com
96,52,3,91,0,student1116@example.com
64,41,5,75,0,student1117@example.com
66,42,3,94,0,student1118@example.com
44,100,2,78,0,student1119@example.com
97,98,3,82,1,student1120@example.com
85,87,5,77,1,student1121@example.com
52,48,4,48,0,student1122@example.com
52,75,3,58,0,student1123@example.com
84,94,5,88,1,student1124@example.com
67,42,6,45,0,student1125@example.com
70,69,5,41,0,student1126@example.com
96,66,3,75,1,student1127@example.com
80,41,6,93,1,student1128@example.com
87,63,4,86,0,student1129@example.com
65,50,6,64,1,student1130@example.com
80,45,1,47,0,student1131@example.com
80,89,6,68,1,student1132@example.com
84,64,4,97,1,student1133@example.com
71,94,4,91,1,student1134@example.com
64,98,3,64,1,student1135@example.com
79,44,1,66,1,student1136@example.com
70,68,5,87,0,student1137@example.com
53,100,6,92,1,student1138@example.com
77,77,1,34,1,student1139@example.com
51,77,1,44,0,student1140@example.com
65,48,1,49,0,student1141@example.com
54,53,2,48,0,student1142@example.com
88,84,6,64,1,student1143@example.com
76,89,6,37,1,student1144@example.com
89,42,1,68,0,student1145@example.com
67,53,2,48,1,student1146@example.com
75,93,3,43,0,student1147@example.com
66,65,3,61,0,student1148@example.com
67,90,5,83,1,student1149@example.com
44,65,1,53,0,student1150@example.com
46,59,3,67,1,student1151@example.com
77,95,3,57,1,student1152@example.com
47,96,5,52,1,student1153@example.com
70,63,2,88,1,student1154@example.com
91,54,4,100,1,student1155@example.com
59,81,6,72,1,student1156@example.com
47,41,4,42,0,student1157@example.com
46,70,2,79,0,student1158@example.com
51,51,4,57,1,student1159@example.com
100,66,3,66,1,student1160@example.com
77,73,2,31,0,student1161@example.com
96,42,6,43,1,student1162@example.com
43,84,6,71,1,student1163@example.com
51,80,3,57,0,student1164@example.com
48,77,2,40,1,student1165@example.com
92,60,1,90,0,student1166@example.com
81,58,6,34,0,student1167@example.com
85,60,1,71,1,student1168@example.com
90,85,4,70,1,student1169@example.com
70,97,4,62,1,student1170@example.com
83,60,2,33,1,student1171@example.com
57,56,3,54,0,student1172@example.com
83,78,5,34,0,student1173@example.com
93,93,4,42,1,student1174@example.com
51,92,6,90,0,student1175@example.com
94,52,4,70,1,student1176@example.com
71,71,3,38,1,student1177@example.com
88,81,2,74,0,student1178@example.com
81,60,2,60,0,student1179@example.com
52,80,1,43,0,student1180@example.com
67,51,1,91,1,student1181@example.com
99,93,5,61,1,student1182@example.com
49,69,6,55,0,student1183@example.com
80,61,4,73,1,student1184@example.com
87,47,4,74,0,student1185@example.com
47,44,2,95,1,student1186@example.com
63,66,6,82,0,student1187@example.com
49,84,1,44,1,student1188@example.com
52,59,4,67,0,student1189@example.com
70,84,3,67,1,student1190@example.com
80,55,5,94,1,student1191@example.com
53,41,6,67,1,student1192@example.com
72,42,4,47,1,student1193@example.com
94,65,5,83,1,student1194@example.com
96,72,1,98,1,student1195@example.com
56,64,5,51,0,student1196@example.com
93,70,4,75,1,student1197@example.com
52,46,5,33,0,student1198@example.com
65,73,6,87,0,student1199@example.com
98,90,3,40,0,student1200@example.com
87,85,1,43,0,student1201@example.com
71,56,6,55,0,student1202@example.com
49,72,2,70,0,student1203@example.com
64,41,1,37,0,student1204@example.com
98,85,3,64,1,student1205@example.com
40,91,4,55,1,student1206@example.com
57,88,4,57,0,student1207@example.com
40,70,1,70,1,student1208@example.com
98,86,6,69,1,student1209@example.com
51,60,4,31,0,student1210@example.com
48,65,4,97,0,student1211@example.com
59,97,5,57,1,student1212@example.com
55,48,3,51,0,student1213@example.com
44,77,1,57,0,student1214@example.com
49,54,6,57,0,student1215@example.com
42,67,2,50,0,student1216@example.com
71,68,4,57,0,student1217@example.com
65,72,4,58,0,student1218@example.com
96,88,5,76,1,student1219@example.com
97,97,1,36,1,student1220@example.com
49,66,1,53,0,student1221@example.com
66,80,3,60,0,student1222@example.com
71,64,5,30,0,student1223@example.com
41,64,2,76,0,student1224@example.com
85,58,6,42,0,student1225@example.com
83,80,1,97,1,student1226@example.com
70,52,3,94,1,student1227@example.com
61,86,1,94,1,student1228@example.com
64,96,5,55,1,student1229@example.com
53,81,4,35,1,student1230@example.com
57,75,4,51,0,student1231@example.com
50,75,1,54,0,student1232@example.com
63,82,6,46,1,student1233@example.com
90,88,2,77,1,student1234@example.com
47,85,2,34,1,student1235@example.com
40,95,4,33,0,student1236@example.com
92,55,1,95,1,student1237@example.com
48,65,6,50,0,student1238@example.com
57,80,6,97,0,student1239@example.com
44,77,2,45,0,student1240@example.com
96,93,5,79,1,student1241@example.com
70,99,1,90,0,student1242@example.com
60,84,1,61,1,student1243@example.com
91,87,6,53,1,student1244@example.com
58,91,1,47,0,student1245@example.com
50,96,4,31,0,student1246@example.com
51,82,4,44,1,student1247@example.com
59,58,5,81,1,student1248@example.com
64,86,2,89,1,student1249@example.com
74,72,2,87,0,student1250@example.com
49,51,3,89,0,student1251@example.com
49,58,5,30,0,student1252@example.com
87,42,1,58,0,student1253@example.com
59,74,1,78,1,student1254@example.com
100,40,3,37,0,student1255@example.com
57,49,2,83,1,student1256@example.com
96,93,2,90,1,student1257@example.com
68,61,5,94,0,student1258@example.com
40,62,4,67,0,student1259@example.com
87,85,1,54,1,student1260@example.com
57,71,5,33,0,student1261@example.com
91,92,2,93,1,student1262@example.com
93,72,2,96,1,student1263@example.com
94,74,1,63,1,student1264@example.com
49,44,3,40,0,student1265@example.com
41,68,3,83,0,student1266@example.com
58,66,3,47,1,student1267@example.com
89,72,3,30,0,student1268@example.com
85,54,5,61,1,student1269@example.com
67,93,6,58,1,student1270@example.com
86,50,6,77,1,student1271@example.com
63,67,6,95,0,student1272@example.com
54,98,4,88,1,student1273@example.com
100,82,5,91,1,student1274@example.com
76,68,3,99,0,student1275@example.com
60,48,3,49,1,student1276@example.com
64,43,2,35,0,student1277@example.com
76,80,6,37,1,student1278@example.com
66,66,2,48,0,student1279@example.com
41,74,5,44,0,student1280@example.com
48,41,3,88,1,student1281@example.com
48,68,2,58,0,student1282@example.com
96,73,5,47,1,student1283@example.com
94,49,4,75,1,student1284@example.com
43,85,4,87,1,student1285@example.com
92,46,1,86,0,student1286@example.com
81,79,4,79,1,student1287@example.com
69,81,5,45,0,student1288@example.com
66,60,1,57,1,student1289@example.com
44,73,3,70,0,student1290@example.com
64,57,6,77,1,student1291@example.com
71,97,1,30,0,student1292@example.com
86,66,2,63,0,student1293@example.com
55,62,1,42,0,student1294@example.com
92,59,6,38,0,student1295@example.com
81,85,3,49,0,student1296@example.com
59,75,6,60,1,student1297@example.com
49,84,5,38,0,student1298@example.com
90,84,5,73,1,student1299@example.com
94,96,1,37,1,student1300@example.com
80,41,3,32,0,student1301@example.com
53,67,2,34,0,student1302@example.com
66,54,6,70,1,student1303@example.com
45,80,5,37,0,student1304@example.com
64,46,4,83,1,student1305@example.com
63,75,6,57,1,student1306@example.com
44,44,4,68,0,student1307@example.com
61,52,2,68,0,student1308@example.com
81,62,1,80,1,student1309@example.com
94,44,3,43,1,student1310@example.com
45,76,5,87,1,student1311@example.com
65,59,5,47,0,student1312@example.com
76,91,5,69,0,student1313@example.com
52,80,5,69,0,student1314@example.com
46,98,1,77,1,student1315@example.com
80,57,6,45,1,student1316@example.com
96,58,2,56,1,student1317@example.com
73,69,2,95,0,student1318@example.com
61,95,1,60,0,student1319@example.com
99,56,6,52,1,student1320@example.com
70,41,6,79,1,student1321@example.com
84,85,6,67,1,student1322@example.com
97,86,1,91,0,student1323@example.com
42,72,6,85,0,student1324@example.com
41,55,4,64,1,student1325@example.com
63,48,6,46,0,student1326@example.com
76,73,3,31,0,student1327@example.com
57,49,1,30,0,student1328@example.com
74,45,5,54,0,student1329@example.com
93,81,5,65,1,student1330@example.com
93,47,4,41,0,student1331@example.com
70,74,4,69,0,student1332@example.com
96,92,1,71,1,student1333@example.com
66,41,4,59,1,student1334@example.com
48,62,1,84,1,student1335@example.com
95,57,1,30,0,student1336@example.com
76,92,1,56,1,student1337@example.com
62,40,6,53,0,student1338@example.com
54,51,4,67,0,student1339@example.com
48,53,6,53,0,student1340@example.com
52,73,6,41,1,student1341@example.com
45,65,1,44,1,student1342@example.com
86,54,2,68,0,student1343@example.com
47,51,5,58,0,student1344@example.com
62,79,2,34,0,student1345@example.com
49,69,5,32,0,student1346@example.com
64,77,5,52,0,student1347@example.com
60,84,3,90,1,student1348@example.com
68,43,3,99,1,student1349@example.com
99,57,3,71,1,student1350@example.com
89,100,4,96,0,student1351@example.com
70,52,4,99,1,student1352@example.com
98,76,5,73,1,student1353@example.com
84,93,4,61,0,student1354@example.com
92,49,5,100,1,student1355@example.com
53,76,1,56,0,student1356@example.com
44,68,5,78,1,student1357@example.com
58,52,4,81,0,student1358@example.com
86,93,2,32,0,student1359@example.com
48,54,2,56,0,student1360@example.com
45,78,6,93,0,student1361@example.com
74,87,4,44,0,student1362@example.com
78,92,4,42,0,student1363@example.com
91,57,5,76,1,student1364@example.com
61,55,6,59,0,student1365@example.com
87,45,6,55,1,student1366@example.com
49,84,1,44,0,student1367@example.com
46,74,1,45,1,student1368@example.com
72,67,6,72,1,student1369@example.com
43,74,1,36,0,student1370@example.com
87,51,6,100,1,student1371@example.com
54,95,1,38,0,student1372@example.com
89,70,1,37,0,student1373@example.com
68,70,6,100,0,student1374@example.com
96,61,5,87,1,student1375@example.com
74,82,2,52,1,student1376@example.com
99,41,5,71,1,student1377@example.com
79,65,3,93,1,student1378@example.com
51,53,4,61,1,student1379@example.com
96,52,4,46,1,student1380@example.com
46,56,4,85,0,student1381@example.com
60,97,3,92,0,student1382@example.com
44,92,4,46,1,student1383@example.com
98,94,5,65,1,student1384@example.com
79,56,3,34,1,student1385@example.com
98,82,2,42,1,student1386@example.com
66,56,6,90,1,student1387@example.com
56,76,4,37,1,student1388@example.com
92,50,3,38,1,student1389@example.com
74,92,4,70,1,student1390@example.com
42,77,4,42,1,student1391@example.com
67,57,3,67,0,student1392@example.com
98,44,4,40,0,student1393@example.com
49,78,5,45,1,student1394@example.com
65,69,1,32,0,student1395@example.com
88,74,6,49,1,student1396@example.com
98,75,2,98,0,student1397@example.com
58,84,1,67,0,student1398@example.com
100,64,4,42,1,student1399@example.com
41,65,5,88,1,student1400@example.com
74,90,2,56,1,student1401@example.com
78,91,4,63,1,student1402@example.com
44,87,5,64,1,student1403@example.com
58,93,3,60,1,student1404@example.com
98,56,2,44,0,student1405@example.com
68,85,6,48,0,student1406@example.com
92,45,5,70,1,student1407@example.com
69,97,1,84,1,student1408@example.com
61,48,4,98,1,student1409@example.com
45,42,3,60,0,student1410@example.com
76,86,1,37,1,student1411@example.com
81,96,6,86,1,student1412@example.com
84,85,5,76,1,student1413@example.com
66,74,6,61,0,student1414@example.com
46,82,4,59,0,student1415@example.com
56,85,5,39,1,student1416@example.com
90,71,4,61,0,student1417@example.com
43,70,2,78,1,student1418@example.com
53,40,2,65,0,student1419@example.com
73,87,6,54,1,student1420@example.com
85,64,2,58,1,student1421@example.com
60,53,3,94,1,student1422@example.com
98,96,2,41,1,student1423@example.com
71,48,4,81,1,student1424@example.com
68,77,2,35,0,student1425@example.com
75,77,3,31,0,student1426@example.com
70,58,5,82,1,student1427@example.com
55,56,3,76,0,student1428@example.com
52,79,2,66,1,student1429@example.com
98,51,4,96,1,student1430@example.com
95,76,3,72,1,student1431@example.com
48,56,1,84,1,student1432@example.com
87,55,2,85,0,student1433@example.com
44,73,2,42,1,student1434@example.com
46,41,6,99,0,student1435@example.com
100,87,2,30,0,student1436@example.com
80,72,3,44,0,student1437@example.com
60,100,1,92,1,student1438@example.com
55,70,3,70,0,student1439@example.com
80,88,1,49,0,student1440@example.com
80,92,5,36,0,student1441@example.com
80,63,3,82,1,student1442@example.com
61,69,5,52,0,student1443@example.com
65,56,2,50,0,student1444@example.com
76,81,6,81,1,student1445@example.com
87,73,1,66,0,student1446@example.com
86,86,1,44,0,student1447@example.com
67,66,1,72,1,student1448@example.com
95,57,3,31,0,student1449@example.com
84,43,2,74,0,student1450@example.com
82,51,6,39,0,student1451@example.com
42,47,6,68,0,student1452@example.com
100,78,1,91,1,student1453@example.com
92,76,1,39,0,student1454@example.com
81,44,3,68,1,student1455@example.com
91,99,3,46,0,student1456@example.com
48,74,2,52,1,student1457@example.com
97,79,2,85,1,student1458@example.com
93,40,3,32,0,student1459@example.com
99,88,2,71,1,student1460@example.com
76,100,2,95,1,student1461@example.com
58,58,6,47,1,student1462@example.com
61,90,4,89,1,student1463@example.com
80,79,6,30,1,student1464@example.com
97,80,1,85,1,student1465@example.com
73,92,3,81,0,student1466@example.com
62,49,6,70,1,student1467@example.com
72,59,6,59,1,student1468@example.com
45,98,1,90,0,student1469@example.com
69,82,1,69,0,student1470@example.com
75,62,5,67,1,student1471@example.com
55,48,5,30,0,student1472@example.com
88,87,1,43,0,student1473@example.com
49,59,2,35,1,student1474@example.com
42,54,5,92,0,student1475@example.com
70,84,3,48,1,student1476@example.com
53,88,4,96,0,student1477@example.com
77,50,1,92,1,student1478@example.com
49,71,6,64,0,student1479@example.com
76,93,6,37,1,student1480@example.com
74,85,4,86,1,student1481@example.com
91,86,2,58,1,student1482@example.com
76,63,2,93,0,student1483@example.com
51,73,5,36,1,student1484@example.com
76,51,3,74,1,student1485@example.com
71,61,4,53,1,student1486@example.com
49,90,6,45,1,student1487@example.com
58,46,2,46,0,student1488@example.com
53,63,6,79,1,student1489@example.com
76,63,3,36,0,student1490@example.com
62,93,2,69,0,student1491@example.com
88,72,4,100,1,student1492@example.com
95,63,5,100,1,student1493@example.com
54,65,6,54,1,student1494@example.com
71,75,2,67,0,student1495@example.com
88,81,4,57,1,student1496@example.com
94,50,4,30,1,student1497@example.com
100,80,6,95,0,student1498@example.com
74,47,1,56,0,student1499@example.com
87,70,1,53,1,student1500@example.com
82,95,1,90,1,student1501@example.com
93,54,3,37,1,student1502@example.com
91,44,4,62,1,student1503@example.com
64,47,6,53,1,student1504@example.com
92,59,3,55,0,student1505@example.com
66,98,2,85,0,student1506@example.com
54,51,5,98,1,student1507@example.com
98,65,2,74,1,student1508@example.com
51,95,6,80,1,student1509@example.com
99,70,4,50,1,student1510@example.com
55,97,3,54,1,student1511@example.com
58,90,2,59,1,student1512@example.com
44,70,3,98,1,student1513@example.com
79,91,2,56,1,student1514@example.com
63,80,3,89,1,student1515@example.com
48,42,4,85,1,student1516@example.com
55,97,2,93,1,student1517@example.com
51,52,6,47,0,student1518@example.com
85,100,5,72,1,student1519@example.com
87,84,6,99,1,student1520@example.com
91,88,2,94,0,student1521@example.com
97,64,1,93,1,student1522@example.com
98,45,5,90,1,student1523@example.com
66,69,2,53,0,student1524@example.com
83,43,4,36,0,student1525@example.com
52,90,1,47,0,student1526@example.com
57,91,6,91,1,student1527@example.com
49,74,5,35,1,student1528@example.com
82,85,1,44,0,student1529@example.com
55,69,3,34,0,student1530@example.com
49,40,2,92,0,student1531@example.com
61,93,1,68,1,student1532@example.com
95,65,2,59,0,student1533@example.com
72,62,5,51,0,student1534@example.com
57,74,6,96,1,student1535@example.com
100,50,1,99,1,student1536@example.com
82,65,2,66,0,student1537@example.com
53,100,5,65,0,student1538@example.com
98,72,4,52,1,student1539@example.com
43,73,6,37,1,student1540@example.com
45,42,1,32,0,student1541@example.com
73,51,4,72,1,student1542@example.com
59,71,5,33,0,student1543@example.com
62,71,3,75,1,student1544@example.com
96,44,5,77,1,student1545@example.com
47,89,3,65,1,student1546@example.com
99,42,3,91,0,student1547@example.com
49,56,1,35,0,student1548@example.com
95,68,2,100,1,student1549@example.com
94,67,6,58,0,student1550@example.com
74,89,6,97,1,student1551@example.com
48,72,1,76,0,student1552@example.com
71,46,3,46,0,student1553@example.com
87,41,2,96,0,student1554@example.com
45,88,1,73,0,student1555@example.com
59,80,4,68,0,student1556@example.com
51,50,2,45,0,student1557@example.com
44,70,2,41,0,student1558@example.com
99,77,3,63,0,student1559@example.com
82,76,1,78,1,student1560@example.com
99,99,5,58,1,student1561@example.com
58,87,3,76,1,student1562@example.com
89,87,3,42,0,student1563@example.com
79,90,4,75,1,student1564@example.com
50,71,2,39,0,student1565@example.com
55,58,3,54,1,student1566@example.com
62,84,2,61,0,student1567@example.com
69,82,6,57,0,student1568@example.com
54,67,2,77,1,student1569@example.com
88,89,2,48,1,student1570@example.com
72,44,4,100,0,student1571@example.com
45,85,6,55,1,student1572@example.com
77,52,6,74,1,student1573@example.com
48,82,4,97,0,student1574@example.com
58,93,5,65,1,student1575@example.com
64,73,5,53,0,student1576@example.com
56,60,4,64,0,student1577@example.com
79,71,2,89,1,student1578@example.com
54,66,1,78,0,student1579@example.com
86,79,3,71,1,student1580@example.com
45,65,1,39,0,student1581@example.com
89,60,5,41,0,student1582@example.com
79,91,5,55,1,student1583@example.com
64,44,5,59,0,student1584@example.com
56,99,6,47,0,student1585@example.com
51,74,4,50,1,student1586@example.com
45,64,4,98,0,student1587@example.com
52,53,3,50,0,student1588@example.com
47,87,3,80,0,student1589@example.com
87,92,6,88,0,student1590@example.com
80,55,4,96,1,student1591@example.com
70,48,3,74,0,student1592@example.com
53,91,5,31,0,student1593@example.com
47,41,3,49,0,student1594@example.com
49,60,2,77,0,student1595@example.com
60,42,3,55,0,student1596@example.com
56,43,2,36,0,student1597@example.com
65,62,3,93,1,student1598@example.com
43,87,1,97,1,student1599@example.com
40,90,3,33,1,student1600@example.com
65,49,2,57,0,student1601@example.com
75,77,1,88,1,student1602@example.com
44,70,2,54,0,student1603@example.com
58,75,6,80,1,student1604@example.com
95,66,4,97,1,student1605@example.com
44,78,2,52,0,student1606@example.com
68,81,4,55,0,student1607@example.com
73,52,2,71,1,student1608@example.com
68,71,2,64,1,student1609@example.com
72,85,5,60,1,student1610@example.com
99,85,5,86,1,student1611@example.com
65,89,6,95,1,student1612@example.com
69,75,5,68,1,student1613@example.com
99,89,4,97,1,student1614@example.com
77,56,5,42,0,student1615@example.com
76,85,5,34,0,student1616@example.com
43,99,4,71,1,student1617@example.com
81,43,5,41,1,student1618@example.com
92,79,4,85,1,student1619@example.com
46,58,2,35,0,student1620@example.com
75,100,1,41,0,student1621@example.com
99,75,2,54,1,student1622@example.com
48,65,1,35,0,student1623@example.com
42,67,2,35,0,student1624@example.com
76,79,3,50,0,student1625@example.com
44,98,2,78,1,student1626@example.com
93,60,5,87,1,student1627@example.com
69,80,2,54,0,student1628@example.com
66,76,5,97,1,student1629@example.com
45,55,3,91,0,student1630@example.com
79,71,2,94,1,student1631@example.com
90,55,2,71,0,student1632@example.com
71,52,1,83,0,student1633@example.com
78,71,2,33,1,student1634@example.com
82,47,4,60,0,student1635@example.com
54,100,2,100,1,student1636@example.com
85,49,5,45,0,student1637@example.com
51,71,3,90,1,student1638@example.com
54,82,5,91,0,student1639@example.com
76,51,5,61,0,student1640@example.com
78,66,5,75,1,student1641@example.com
59,60,6,70,1,student1642@example.com
81,60,5,73,1,student1643@example.com
79,44,6,67,1,student1644@example.com
69,42,1,33,0,student1645@example.com
69,98,4,89,0,student1646@example.com
90,81,4,66,1,student1647@example.com
76,60,3,57,0,student1648@example.com
98,81,2,69,1,student1649@example.com
62,46,5,63,1,student1650@example.com
70,99,4,64,0,student1651@example.com
48,50,3,73,1,student1652@example.com
71,68,3,78,0,student1653@example.com
77,48,5,39,0,student1654@example.com
75,72,4,86,1,student1655@example.com
68,85,6,35,0,student1656@example.com
40,69,2,99,1,student1657@example.com
88,98,6,64,1,student1658@example.com
84,92,2,100,1,student1659@example.com
50,51,2,83,0,student1660@example.com
62,45,4,62,0,student1661@example.com
71,85,4,81,1,student1662@example.com
68,47,5,49,1,student1663@example.com
74,100,2,65,1,student1664@example.com
52,40,6,82,0,student1665@example.com
91,64,6,91,1,student1666@example.com
43,92,4,69,1,student1667@example.com
83,43,1,71,1,student1668@example.com
70,94,5,72,1,student1669@example.com
86,50,6,92,1,student1670@example.com
95,61,4,66,1,student1671@example.com
87,45,5,85,0,student1672@example.com
95,65,1,87,1,student1673@example.com
61,51,3,48,0,student1674@example.com
47,69,5,81,1,student1675@example.com
70,78,2,46,0,student1676@example.com
93,48,1,44,1,student1677@example.com
89,71,4,63,1,student1678@example.com
100,45,5,79,1,student1679@example.com
69,89,1,45,1,student1680@example.com
51,89,3,76,1,student1681@example.com
85,54,3,42,0,student1682@example.com
85,93,4,69,1,student1683@example.com
56,62,2,72,0,student1684@example.com
62,93,1,91,0,student1685@example.com
95,93,3,59,1,student1686@example.com
74,94,2,78,1,student1687@example.com
76,83,2,86,0,student1688@example.com
43,75,5,69,0,student1689@example.com
94,77,3,82,1,student1690@example.com
83,71,2,67,1,student1691@example.com
41,64,4,38,0,student1692@example.com
61,61,1,98,0,student1693@example.com
72,55,6,43,1,student1694@example.com
60,69,2,40,0,student1695@example.com
98,69,1,57,1,student1696@example.com
53,88,3,40,0,student1697@example.com
40,63,2,75,1,student1698@example.com
66,40,6,36,0,student1699@example.com
84,75,6,80,1,student1700@example.com
66,72,6,71,1,student1701@example.com
75,100,6,56,0,student1702@example.com
69,63,3,41,0,student1703@example.com
89,61,4,32,0,student1704@example.com
94,72,2,83,0,student1705@example.com
96,51,6,64,1,student1706@example.com
50,80,5,42,0,student1707@example.com
73,64,1,50,0,student1708@example.com
78,92,4,39,1,student1709@example.com
93,74,3,83,1,student1710@example.com
54,67,4,81,0,student1711@example.com
76,100,6,49,1,student1712@example.com
75,94,2,46,0,student1713@example.com
83,50,6,82,1,student1714@example.com
100,47,5,42,0,student1715@example.com
77,68,6,37,0,student1716@example.com
64,92,4,50,0,student1717@example.com
42,83,2,79,1,student1718@example.com
80,85,4,83,1,student1719@example.com
81,81,4,46,0,student1720@example.com
77,92,5,62,1,student1721@example.com
66,66,3,53,1,student1722@example.com
69,58,2,84,1,student1723@example.com
99,71,4,53,1,student1724@example.com
85,78,2,51,0,student1725@example.com
58,83,4,85,0,student1726@example.com
44,50,6,100,0,student1727@example.com
70,41,2,61,0,student1728@example.com
67,71,5,52,0,student1729@example.com
68,74,5,66,0,student1730@example.com
82,49,2,58,1,student1731@example.com
94,98,2,36,1,student1732@example.com
91,49,6,95,1,student1733@example.com
88,61,6,45,1,student1734@example.com
98,77,4,71,1,student1735@example.com
55,75,3,58,0,student1736@example.com
42,47,3,33,0,student1737@example.com
45,55,4,62,0,student1738@example.com
79,49,3,99,1,student1739@example.com
69,53,5,59,1,student1740@example.com
84,71,6,97,1,student1741@example.com
76,59,2,59,0,student1742@example.com
97,86,4,52,1,student1743@example.com
41,54,3,54,1,student1744@example.com
63,87,4,81,1,student1745@example.com
52,51,4,64,0,student1746@example.com
59,78,2,59,1,student1747@example.com
61,55,4,99,1,student1748@example.com
60,69,3,36,0,student1749@example.com
96,81,1,90,0,student1750@example.com
89,98,4,57,1,student1751@example.com
69,80,5,93,0,student1752@example.com
76,71,4,59,1,student1753@example.com
50,68,5,31,1,student1754@example.com
79,87,6,50,1,student1755@example.com
41,58,2,96,0,student1756@example.com
52,67,4,75,1,student1757@example.com
89,100,1,69,1,student1758@example.com
77,57,1,30,0,student1759@example.com
82,69,1,72,0,student1760@example.com
85,80,2,68,1,student1761@example.com
84,62,4,33,0,student1762@example.com
50,69,4,99,0,student1763@example.com
83,88,2,93,1,student1764@example.com
70,85,5,42,0,student1765@example.com
67,58,1,84,0,student1766@example.com
100,80,1,75,1,student1767@example.com
96,61,1,41,0,student1768@example.com
84,71,5,66,1,student1769@example.com
53,69,4,70,1,student1770@example.com
79,80,2,32,0,student1771@example.com
41,63,3,73,1,student1772@example.com
43,71,4,87,1,student1773@example.com
84,43,2,87,0,student1774@example.com
76,77,1,91,0,student1775@example.com
69,81,2,56,0,student1776@example.com
78,55,4,72,1,student1777@example.com
50,76,2,32,0,student1778@example.com
62,98,5,50,0,student1779@example.com
74,76,5,74,1,student1780@example.com
75,43,1,43,0,student1781@example.com
88,76,3,83,1,student1782@example.com
56,71,5,53,0,student1783@example.com
70,52,6,70,1,student1784@example.com
89,44,4,76,1,student1785@example.com
98,97,5,43,1,student1786@example.com
100,93,1,83,1,student1787@example.com
97,69,1,30,0,student1788@example.com
58,70,1,96,0,student1789@example.com
98,99,2,34,1,student1790@example.com
80,62,4,95,1,student1791@example.com
53,72,4,89,1,student1792@example.com
55,76,2,37,0,student1793@example.com
50,54,4,33,0,student1794@example.com
88,96,5,52,1,student1795@example.com
83,93,3,30,1,student1796@example.com
92,100,6,35,0,student1797@example.com
63,98,5,66,1,student1798@example.com
58,80,2,100,1,student1799@example.com
73,86,1,51,1,student1800@example.com
46,84,2,95,1,student1801@example.com
100,57,1,61,0,student1802@example.com
65,91,5,40,1,student1803@example.com
49,50,1,43,0,student1804@example.com
83,45,1,73,1,student1805@example.com
72,79,2,80,0,student1806@example.com
97,88,5,31,0,student1807@example.com
85,46,3,54,0,student1808@example.com
90,86,1,67,1,student1809@example.com
85,41,4,94,0,student1810@example.com
84,60,2,53,0,student1811@example.com
76,79,6,37,1,student1812@example.com
85,97,6,60,1,student1813@example.com
68,92,2,76,1,student1814@example.com
94,92,2,59,0,student1815@example.com
96,67,4,37,1,student1816@example.com
87,62,1,49,0,student1817@example.com
96,52,4,57,1,student1818@example.com
55,60,5,96,1,student1819@example.com
88,72,2,46,0,student1820@example.com
95,62,6,64,0,student1821@example.com
65,63,2,84,1,student1822@example.com
73,53,4,37,0,student1823@example.com
56,72,4,63,1,student1824@example.com
68,60,1,62,0,student1825@example.com
54,58,3,39,0,student1826@example.com
65,42,4,75,1,student1827@example.com
75,77,6,94,1,student1828@example.com
87,60,6,69,1,student1829@example.com
64,43,4,63,0,student1830@example.com
46,88,2,100,1,student1831@example.com
64,63,5,72,1,student1832@example.com
71,88,6,47,0,student1833@example.com
70,89,5,32,1,student1834@example.com
40,97,1,55,0,student1835@example.com
45,52,4,98,0,student1836@example.com
98,49,5,61,0,student1837@example.com
76,52,3,57,0,student1838@example.com
46,69,6,78,1,student1839@example.com
48,87,6,87,1,student1840@example.com
60,88,5,84,1,student1841@example.com
80,61,6,30,0,student1842@example.com
57,70,3,78,0,student1843@example.com
40,47,3,40,0,student1844@example.com
92,91,3,63,1,student1845@example.com
61,61,2,67,1,student1846@example.com
54,58,4,70,1,student1847@example.com
95,66,3,98,1,student1848@example.com
45,68,6,99,0,student1849@example.com
55,85,1,98,0,student1850@example.com
49,89,4,55,1,student1851@example.com
46,89,6,41,1,student1852@example.com
84,49,6,46,1,student1853@example.com
43,89,2,96,1,student1854@example.com
93,42,4,100,0,student1855@example.com
95,54,2,76,0,student1856@example.com
85,46,5,82,1,student1857@example.com
94,87,1,91,0,student1858@example.com
54,75,6,89,1,student1859@example.com
74,85,4,31,0,student1860@example.com
95,57,3,98,1,student1861@example.com
79,95,3,30,1,student1862@example.com
83,77,6,92,1,student1863@example.com
79,82,1,95,1,student1864@example.com
56,51,5,36,1,student1865@example.com
71,67,2,61,0,student1866@example.com
60,79,5,33,0,student1867@example.com
91,68,1,84,1,student1868@example.com
73,51,1,69,1,student1869@example.com
54,96,4,81,1,student1870@example.com
64,45,1,50,0,student1871@example.com
94,53,1,64,1,student1872@example.com
40,84,1,75,1,student1873@example.com
95,42,1,65,1,student1874@example.com
86,58,5,92,1,student1875@example.com
66,49,2,90,0,student1876@example.com
56,63,2,74,0,student1877@example.com
72,83,2,61,0,student1878@example.com
53,52,5,59,0,student1879@example.com
83,82,1,56,0,student1880@example.com
94,59,1,89,0,student1881@example.com
74,68,6,93,1,student1882@example.com
93,96,6,49,1,student1883@example.com
61,56,6,45,0,student1884@example.com
94,74,2,86,1,student1885@example.com
100,87,3,52,0,student1886@example.com
43,47,4,91,0,student1887@example.com
84,49,5,96,1,student1888@example.com
62,50,4,93,1,student1889@example.com
66,90,2,53,0,student1890@example.com
94,41,2,73,1,student1891@example.com
50,53,3,85,1,student1892@example.com
100,54,4,58,1,student1893@example.com
86,92,6,48,1,student1894@example.com
74,43,2,45,0,student1895@example.com
59,43,5,82,1,student1896@example.com
98,91,1,90,1,student1897@example.com
58,91,3,89,1,student1898@example.com
61,82,5,51,0,student1899@example.com
90,44,1,81,0,student1900@example.com
56,61,5,64,0,student1901@example.com
45,69,4,51,0,student1902@example.com
44,68,6,73,1,student1903@example.com
51,97,6,97,1,student1904@example.com
55,99,5,47,0,student1905@example.com
52,80,5,35,1,student1906@example.com
84,42,6,63,1,student1907@example.com
84,87,1,67,1,student1908@example.com
59,70,2,65,1,student1909@example.com
96,87,3,78,1,student1910@example.com
68,67,6,83,1,student1911@example.com
40,54,4,100,0,student1912@example.com
63,97,5,30,1,student1913@example.com
84,75,4,59,1,student1914@example.com
71,100,3,48,0,student1915@example.com
69,43,1,37,0,student1916@example.com
77,48,5,87,1,student1917@example.com
77,44,4,70,0,student1918@example.com
83,48,5,71,0,student1919@example.com
49,80,5,88,1,student1920@example.com
60,64,6,67,1,student1921@example.com
53,84,4,46,0,student1922@example.com
74,53,2,57,0,student1923@example.com
99,64,2,96,1,student1924@example.com
74,97,4,37,0,student1925@example.com
62,71,6,66,1,student1926@example.com
73,52,6,87,1,student1927@example.com
84,90,6,91,1,student1928@example.com
95,83,2,32,1,student1929@example.com
40,64,5,87,1,student1930@example.com
78,84,2,64,1,student1931@example.com
56,98,3,77,0,student1932@example.com
54,50,3,70,1,student1933@example.com
85,75,2,42,0,student1934@example.com
47,42,5,55,0,student1935@example.com
96,48,3,91,1,student1936@example.com
44,77,6,70,1,student1937@example.com
65,87,6,40,0,student1938@example.com
80,43,2,60,0,student1939@example.com
82,40,2,39,1,student1940@example.com
44,54,1,63,0,student1941@example.com
91,68,5,46,1,student1942@example.com
45,52,4,33,0,student1943@example.com
46,79,2,73,1,student1944@example.com
55,78,3,34,0,student1945@example.com
44,53,5,30,0,student1946@example.com
48,58,2,61,0,student1947@example.com
43,42,4,64,1,student1948@example.com
69,76,3,68,1,student1949@example.com
49,73,5,64,1,student1950@example.com
84,91,5,48,0,student1951@example.com
58,97,4,48,0,student1952@example.com
90,87,5,83,1,student1953@example.com
54,100,6,100,1,student1954@example.com
45,81,2,62,1,student1955@example.com
91,92,3,96,0,student1956@example.com
90,98,2,32,0,student1957@example.com
66,71,5,45,1,student1958@example.com
49,83,2,50,0,student1959@example.com
94,93,1,68,1,student1960@example.com
100,69,1,45,1,student1961@example.com
82,64,6,65,1,student1962@example.com
65,59,5,32,1,student1963@example.com
73,57,2,51,0,student1964@example.com
79,100,6,97,1,student1965@example.com
54,63,4,75,1,student1966@example.com
84,46,5,83,1,student1967@example.com
76,60,3,93,1,student1968@example.com
90,46,4,33,0,student1969@example.com
70,46,6,75,1,student1970@example.com
55,66,3,59,0,student1971@example.com
86,73,1,39,0,student1972@example.com
52,74,2,90,0,student1973@example.com
73,73,6,73,1,student1974@example.com
43,69,6,37,0,student1975@example.com
88,89,1,30,0,student1976@example.com
88,78,2,82,1,student1977@example.com
63,87,5,80,1,student1978@example.com
93,61,5,65,0,student1979@example.com
74,46,5,89,1,student1980@example.com
55,82,4,46,0,student1981@example.com
65,68,3,34,0,student1982@example.com
60,82,5,36,0,student1983@example.com
47,56,2,36,0,student1984@example.com
98,88,2,65,1,student1985@example.com
52,53,5,85,1,student1986@example.com
85,89,6,62,1,student1987@example.com
66,60,4,100,1,student1988@example.com
66,94,1,47,1,student1989@example.com
64,75,3,65,0,student1990@example.com
76,95,4,50,1,student1991@example.com
42,60,4,56,1,student1992@example.com
75,62,2,91,1,student1993@example.com
50,61,5,90,1,student1994@example.com
90,52,5,98,1,student1995@example.com
99,69,1,71,1,student1996@example.com
68,96,6,67,0,student1997@example.com
59,80,1,66,0,student1998@example.com
63,80,6,39,0,student1999@example.com
47,51,5,31,0,student2000@example.com
20,20,1,20,0,pinki13ghosh@gmail.com
20,20,1,20,0,pinki53ghosh@gmail.com
